{"v":"4.10.2","fr":60,"ip":0,"op":301,"w":900,"h":900,"ddd":0,"assets":[],"layers":[{"ddd":0,"ind":1,"ty":4,"sr":1,"ks":{"o":{"a":0,"k":100,"ix":11},"r":{"a":0,"k":0,"ix":10},"p":{"a":1,"k":[{"i":{"x":0.833,"y":0.833},"o":{"x":0.167,"y":0.167},"n":"0p833_0p833_0p167_0p167","t":0,"s":[625.085,490,0],"e":[625.085,464.5,0],"to":[0,0,0],"ti":[0,0,0]},{"i":{"x":0.833,"y":0.833},"o":{"x":0.167,"y":0.167},"n":"0p833_0p833_0p167_0p167","t":2,"s":[625.085,464.5,0],"e":[625.085,464.5,0],"to":[0,0,0],"ti":[0,0,0]},{"i":{"x":0.833,"y":0.833},"o":{"x":0.167,"y":0.167},"n":"0p833_0p833_0p167_0p167","t":5,"s":[625.085,464.5,0],"e":[625.085,490,0],"to":[0,0,0],"ti":[0,0,0]},{"i":{"x":0.833,"y":0.833},"o":{"x":0.167,"y":0.167},"n":"0p833_0p833_0p167_0p167","t":7,"s":[625.085,490,0],"e":[625.085,490,0],"to":[0,0,0],"ti":[0,0,0]},{"i":{"x":0.833,"y":0.833},"o":{"x":0.167,"y":0.167},"n":"0p833_0p833_0p167_0p167","t":44,"s":[625.085,490,0],"e":[625.085,464.5,0],"to":[0,0,0],"ti":[0,0,0]},{"i":{"x":0.833,"y":0.833},"o":{"x":0.167,"y":0.167},"n":"0p833_0p833_0p167_0p167","t":46,"s":[625.085,464.5,0],"e":[625.085,464.5,0],"to":[0,0,0],"ti":[0,0,0]},{"i":{"x":0.833,"y":0.833},"o":{"x":0.167,"y":0.167},"n":"0p833_0p833_0p167_0p167","t":49,"s":[625.085,464.5,0],"e":[625.085,490,0],"to":[0,0,0],"ti":[0,0,0]},{"i":{"x":0.667,"y":0.667},"o":{"x":0.167,"y":0.167},"n":"0p667_0p667_0p167_0p167","t":51,"s":[625.085,490,0],"e":[625.085,490,0],"to":[0,0,0],"ti":[0,0,0]},{"i":{"x":0.667,"y":1},"o":{"x":0.333,"y":0},"n":"0p667_1_0p333_0","t":107,"s":[625.085,490,0],"e":[625.085,463,0],"to":[0,0,0],"ti":[0,0,0]},{"i":{"x":0.667,"y":0.667},"o":{"x":0.333,"y":0.333},"n":"0p667_0p667_0p333_0p333","t":113,"s":[625.085,463,0],"e":[625.085,463,0],"to":[0,0,0],"ti":[0,0,0]},{"i":{"x":0.667,"y":1},"o":{"x":0.333,"y":0},"n":"0p667_1_0p333_0","t":225,"s":[625.085,463,0],"e":[625.085,490,0],"to":[0,0,0],"ti":[0,0,0]},{"t":228}],"ix":2},"a":{"a":0,"k":[175.085,67.25,0],"ix":1},"s":{"a":0,"k":[100,100,100],"ix":6}},"ao":0,"shapes":[{"ty":"gr","it":[{"ind":0,"ty":"sh","ix":1,"ks":{"a":0,"k":{"i":[[0,0],[0,0],[0,0],[0,0]],"o":[[0,0],[0,0],[0,0],[0,0]],"v":[[152.5,81],[160.25,53.5],[103.25,53.5],[110.25,81]],"c":true},"ix":2},"hd":false},{"ty":"st","c":{"a":0,"k":[1,1,1,1],"ix":3},"o":{"a":0,"k":0,"ix":4},"w":{"a":0,"k":4,"ix":5},"lc":1,"lj":1,"ml":4,"hd":false},{"ty":"fl","c":{"a":0,"k":[0.117647058824,0.533333333333,0.898039215686,1],"ix":4},"o":{"a":0,"k":100,"ix":5},"r":1,"hd":false},{"ty":"tr","p":{"a":0,"k":[86.67,0],"ix":2},"a":{"a":0,"k":[0,0],"ix":1},"s":{"a":0,"k":[100,100],"ix":3},"r":{"a":0,"k":0,"ix":6},"o":{"a":0,"k":100,"ix":7},"sk":{"a":0,"k":0,"ix":4},"sa":{"a":0,"k":0,"ix":5}}],"np":3,"cix":2,"ix":1,"hd":false},{"ty":"gr","it":[{"ind":0,"ty":"sh","ix":1,"ks":{"a":0,"k":{"i":[[0,0],[0,0],[0,0],[0,0]],"o":[[0,0],[0,0],[0,0],[0,0]],"v":[[152.5,81],[160.25,53.5],[103.25,53.5],[110.25,81]],"c":true},"ix":2},"hd":false},{"ty":"st","c":{"a":0,"k":[1,1,1,1],"ix":3},"o":{"a":0,"k":0,"ix":4},"w":{"a":0,"k":4,"ix":5},"lc":1,"lj":1,"ml":4,"hd":false},{"ty":"fl","c":{"a":0,"k":[0.117647058824,0.533333333333,0.898039215686,1],"ix":4},"o":{"a":0,"k":100,"ix":5},"r":1,"hd":false},{"ty":"tr","p":{"a":0,"k":[0,0],"ix":2},"a":{"a":0,"k":[0,0],"ix":1},"s":{"a":0,"k":[100,100],"ix":3},"r":{"a":0,"k":0,"ix":6},"o":{"a":0,"k":100,"ix":7},"sk":{"a":0,"k":0,"ix":4},"sa":{"a":0,"k":0,"ix":5}}],"np":3,"cix":2,"ix":2,"hd":false}],"ip":0,"op":301,"st":0,"bm":0},{"ddd":0,"ind":2,"ty":4,"sr":1,"ks":{"o":{"a":0,"k":100,"ix":11},"r":{"a":0,"k":0,"ix":10},"p":{"a":1,"k":[{"i":{"x":0.833,"y":0.833},"o":{"x":0.167,"y":0.167},"n":"0p833_0p833_0p167_0p167","t":0,"s":[625.368,409.5,0],"e":[625.368,437.25,0],"to":[0,0,0],"ti":[0,0,0]},{"i":{"x":0.833,"y":0.833},"o":{"x":0.167,"y":0.167},"n":"0p833_0p833_0p167_0p167","t":2,"s":[625.368,437.25,0],"e":[625.368,437.25,0],"to":[0,0,0],"ti":[0,0,0]},{"i":{"x":0.833,"y":0.833},"o":{"x":0.167,"y":0.167},"n":"0p833_0p833_0p167_0p167","t":5,"s":[625.368,437.25,0],"e":[625.368,409.5,0],"to":[0,0,0],"ti":[0,0,0]},{"i":{"x":0.833,"y":0.833},"o":{"x":0.167,"y":0.167},"n":"0p833_0p833_0p167_0p167","t":7,"s":[625.368,409.5,0],"e":[625.368,409.5,0],"to":[0,0,0],"ti":[0,0,0]},{"i":{"x":0.833,"y":0.833},"o":{"x":0.167,"y":0.167},"n":"0p833_0p833_0p167_0p167","t":44,"s":[625.368,409.5,0],"e":[625.368,437.25,0],"to":[0,0,0],"ti":[0,0,0]},{"i":{"x":0.833,"y":0.833},"o":{"x":0.167,"y":0.167},"n":"0p833_0p833_0p167_0p167","t":46,"s":[625.368,437.25,0],"e":[625.368,437.25,0],"to":[0,0,0],"ti":[0,0,0]},{"i":{"x":0.833,"y":0.833},"o":{"x":0.167,"y":0.167},"n":"0p833_0p833_0p167_0p167","t":49,"s":[625.368,437.25,0],"e":[625.368,409.5,0],"to":[0,0,0],"ti":[0,0,0]},{"i":{"x":0.667,"y":0.667},"o":{"x":0.167,"y":0.167},"n":"0p667_0p667_0p167_0p167","t":51,"s":[625.368,409.5,0],"e":[625.368,409.5,0],"to":[0,0,0],"ti":[0,0,0]},{"i":{"x":0.667,"y":1},"o":{"x":0.333,"y":0},"n":"0p667_1_0p333_0","t":107,"s":[625.368,409.5,0],"e":[625.368,425.5,0],"to":[0,0,0],"ti":[0,0,0]},{"i":{"x":0.667,"y":0.667},"o":{"x":0.333,"y":0.333},"n":"0p667_0p667_0p333_0p333","t":113,"s":[625.368,425.5,0],"e":[625.368,425.5,0],"to":[0,0,0],"ti":[0,0,0]},{"i":{"x":0.667,"y":1},"o":{"x":0.333,"y":0},"n":"0p667_1_0p333_0","t":225,"s":[625.368,425.5,0],"e":[625.368,409.5,0],"to":[0,0,0],"ti":[0,0,0]},{"t":228}],"ix":2},"a":{"a":0,"k":[175.368,-13.25,0],"ix":1},"s":{"a":0,"k":[100,100,100],"ix":6}},"ao":0,"shapes":[{"ty":"gr","it":[{"ind":0,"ty":"sh","ix":1,"ks":{"a":0,"k":{"i":[[0,0],[0,0],[0,0],[0,0]],"o":[[0,0],[0,0],[0,0],[0,0]],"v":[[111,-27],[103.25,0.5],[160.25,0.5],[153.25,-27]],"c":true},"ix":2},"hd":false},{"ty":"st","c":{"a":0,"k":[1,1,1,1],"ix":3},"o":{"a":0,"k":0,"ix":4},"w":{"a":0,"k":4,"ix":5},"lc":1,"lj":1,"ml":4,"hd":false},{"ty":"fl","c":{"a":0,"k":[0.117647058824,0.533333333333,0.898039215686,1],"ix":4},"o":{"a":0,"k":100,"ix":5},"r":1,"hd":false},{"ty":"tr","p":{"a":0,"k":[87.235,0],"ix":2},"a":{"a":0,"k":[0,0],"ix":1},"s":{"a":0,"k":[100,100],"ix":3},"r":{"a":0,"k":0,"ix":6},"o":{"a":0,"k":100,"ix":7},"sk":{"a":0,"k":0,"ix":4},"sa":{"a":0,"k":0,"ix":5}}],"np":3,"cix":2,"ix":1,"hd":false},{"ty":"gr","it":[{"ind":0,"ty":"sh","ix":1,"ks":{"a":0,"k":{"i":[[0,0],[0,0],[0,0],[0,0]],"o":[[0,0],[0,0],[0,0],[0,0]],"v":[[111,-27],[103.25,0.5],[160.25,0.5],[153.25,-27]],"c":true},"ix":2},"hd":false},{"ty":"st","c":{"a":0,"k":[1,1,1,1],"ix":3},"o":{"a":0,"k":0,"ix":4},"w":{"a":0,"k":4,"ix":5},"lc":1,"lj":1,"ml":4,"hd":false},{"ty":"fl","c":{"a":0,"k":[0.117647058824,0.533333333333,0.898039215686,1],"ix":4},"o":{"a":0,"k":100,"ix":5},"r":1,"hd":false},{"ty":"tr","p":{"a":0,"k":[0,0],"ix":2},"a":{"a":0,"k":[0,0],"ix":1},"s":{"a":0,"k":[100,100],"ix":3},"r":{"a":0,"k":0,"ix":6},"o":{"a":0,"k":100,"ix":7},"sk":{"a":0,"k":0,"ix":4},"sa":{"a":0,"k":0,"ix":5}}],"np":3,"cix":2,"ix":2,"hd":false}],"ip":0,"op":301,"st":0,"bm":0},{"ddd":0,"ind":3,"ty":4,"sr":1,"ks":{"o":{"a":0,"k":100,"ix":11},"r":{"a":0,"k":0,"ix":10},"p":{"a":0,"k":[450,450,0],"ix":2},"a":{"a":0,"k":[0,0,0],"ix":1},"s":{"a":0,"k":[100,100,100],"ix":6}},"ao":0,"shapes":[{"ty":"gr","it":[{"ind":0,"ty":"sh","ix":1,"ks":{"a":0,"k":{"i":[[0,-41.265],[41.265,0],[0,41.265],[-41.265,0]],"o":[[0,41.265],[-41.265,0],[0,-41.265],[41.265,0]],"v":[[75.717,0],[1,74.717],[-73.717,0],[1,-74.717]],"c":true},"ix":2},"hd":false},{"ty":"fl","c":{"a":0,"k":[0.956862747669,0.262745112181,0.211764708161,1],"ix":4},"o":{"a":0,"k":100,"ix":5},"r":1,"hd":false},{"ty":"tr","p":{"a":0,"k":[0,0],"ix":2},"a":{"a":0,"k":[0,0],"ix":1},"s":{"a":0,"k":[100,100],"ix":3},"r":{"a":0,"k":0,"ix":6},"o":{"a":0,"k":100,"ix":7},"sk":{"a":0,"k":0,"ix":4},"sa":{"a":0,"k":0,"ix":5}}],"np":2,"cix":2,"ix":1,"hd":false}],"ip":0,"op":301,"st":0,"bm":0},{"ddd":0,"ind":4,"ty":4,"sr":1,"ks":{"o":{"a":0,"k":20,"ix":11},"r":{"a":0,"k":0,"ix":10},"p":{"a":0,"k":[450,450,0],"ix":2},"a":{"a":0,"k":[0,0,0],"ix":1},"s":{"a":0,"k":[100,100,100],"ix":6}},"ao":0,"shapes":[{"ty":"gr","it":[{"ind":0,"ty":"sh","ix":1,"ks":{"a":0,"k":{"i":[[0,-41.265],[41.265,0],[0,41.265],[-41.265,0]],"o":[[0,41.265],[-41.265,0],[0,-41.265],[41.265,0]],"v":[[75.717,8],[1,82.717],[-73.717,8],[1,-66.717]],"c":true},"ix":2},"hd":false},{"ty":"fl","c":{"a":0,"k":[0.105882354081,0.368627458811,0.1254902035,1],"ix":4},"o":{"a":0,"k":100,"ix":5},"r":1,"hd":false},{"ty":"tr","p":{"a":0,"k":[0,0],"ix":2},"a":{"a":0,"k":[0,0],"ix":1},"s":{"a":0,"k":[100,100],"ix":3},"r":{"a":0,"k":0,"ix":6},"o":{"a":0,"k":100,"ix":7},"sk":{"a":0,"k":0,"ix":4},"sa":{"a":0,"k":0,"ix":5}}],"np":2,"cix":2,"ix":1,"hd":false}],"ip":0,"op":301,"st":0,"bm":0},{"ddd":0,"ind":5,"ty":4,"sr":1,"ks":{"o":{"a":0,"k":100,"ix":11},"r":{"a":0,"k":0,"ix":10},"p":{"a":0,"k":[450,450,0],"ix":2},"a":{"a":0,"k":[0,0,0],"ix":1},"s":{"a":0,"k":[100,100,100],"ix":6}},"ao":0,"shapes":[{"ty":"gr","it":[{"ind":0,"ty":"sh","ix":1,"ks":{"a":0,"k":{"i":[[-16.32,-16.32],[0,0],[16.32,16.32],[0,0]],"o":[[16.32,16.32],[0,0],[-16.32,-16.32],[0,0]],"v":[[-16.954,-116.861],[0,-74.717],[-42.145,-91.67],[-59.098,-133.815]],"c":true},"ix":2},"hd":false},{"ty":"fl","c":{"a":0,"k":[0,0.784313738346,0.32549020648,1],"ix":4},"o":{"a":0,"k":100,"ix":5},"r":1,"hd":false},{"ty":"tr","p":{"a":0,"k":[0,0],"ix":2},"a":{"a":0,"k":[0,0],"ix":1},"s":{"a":0,"k":[100,100],"ix":3},"r":{"a":0,"k":0,"ix":6},"o":{"a":0,"k":100,"ix":7},"sk":{"a":0,"k":0,"ix":4},"sa":{"a":0,"k":0,"ix":5}}],"np":2,"cix":2,"ix":1,"hd":false}],"ip":0,"op":301,"st":0,"bm":0},{"ddd":0,"ind":6,"ty":4,"sr":1,"ks":{"o":{"a":0,"k":100,"ix":11},"r":{"a":0,"k":0,"ix":10},"p":{"a":1,"k":[{"i":{"x":0.833,"y":0.833},"o":{"x":0.167,"y":0.167},"n":"0p833_0p833_0p167_0p167","t":8,"s":[614.703,450.5,0],"e":[614.703,450.5,0],"to":[0,0,0],"ti":[0,0,0]},{"i":{"x":0.667,"y":1},"o":{"x":0.333,"y":0},"n":"0p667_1_0p333_0","t":44,"s":[614.703,450.5,0],"e":[638.703,450.5,0],"to":[0,0,0],"ti":[0,0,0]},{"i":{"x":0.667,"y":0.667},"o":{"x":0.167,"y":0.167},"n":"0p667_0p667_0p167_0p167","t":52,"s":[638.703,450.5,0],"e":[638.703,450.5,0],"to":[0,0,0],"ti":[0,0,0]},{"i":{"x":0.667,"y":1},"o":{"x":0.333,"y":0},"n":"0p667_1_0p333_0","t":113,"s":[638.703,450.5,0],"e":[614.703,450.5,0],"to":[0,0,0],"ti":[0,0,0]},{"i":{"x":0.833,"y":0.833},"o":{"x":0.167,"y":0.167},"n":"0p833_0p833_0p167_0p167","t":121,"s":[614.703,450.5,0],"e":[614.703,450.5,0],"to":[0,0,0],"ti":[0,0,0]},{"i":{"x":0.667,"y":1},"o":{"x":0.333,"y":0},"n":"0p667_1_0p333_0","t":162,"s":[614.703,450.5,0],"e":[638.703,450.5,0],"to":[0,0,0],"ti":[0,0,0]},{"i":{"x":0.667,"y":0.667},"o":{"x":0.167,"y":0.167},"n":"0p667_0p667_0p167_0p167","t":170,"s":[638.703,450.5,0],"e":[638.703,450.5,0],"to":[0,0,0],"ti":[0,0,0]},{"i":{"x":0.667,"y":1},"o":{"x":0.167,"y":0},"n":"0p667_1_0p167_0","t":225,"s":[638.703,450.5,0],"e":[624.703,450.5,0],"to":[0,0,0],"ti":[0,0,0]},{"i":{"x":0.667,"y":0.667},"o":{"x":0.333,"y":0.333},"n":"0p667_0p667_0p333_0p333","t":228,"s":[624.703,450.5,0],"e":[624.703,450.5,0],"to":[0,0,0],"ti":[0,0,0]},{"i":{"x":0.833,"y":1},"o":{"x":0.333,"y":0},"n":"0p833_1_0p333_0","t":285,"s":[624.703,450.5,0],"e":[614.703,450.5,0],"to":[0,0,0],"ti":[0,0,0]},{"t":288}],"ix":2},"a":{"a":0,"k":[164.703,0.5,0],"ix":1},"s":{"a":0,"k":[100,100,100],"ix":6}},"ao":0,"shapes":[{"ty":"gr","it":[{"ind":0,"ty":"sh","ix":1,"ks":{"a":0,"k":{"i":[[0,-5.602],[5.602,0],[0,5.602],[-5.602,0]],"o":[[0,5.602],[-5.602,0],[0,-5.602],[5.602,0]],"v":[[218.072,0.5],[207.93,10.643],[197.787,0.5],[207.93,-9.643]],"c":true},"ix":2},"hd":false},{"ind":1,"ty":"sh","ix":2,"ks":{"a":0,"k":{"i":[[0,-5.602],[5.602,0],[0,5.602],[-5.602,0]],"o":[[0,5.602],[-5.602,0],[0,-5.602],[5.602,0]],"v":[[131.619,0.5],[121.476,10.643],[111.333,0.5],[121.476,-9.643]],"c":true},"ix":2},"hd":false},{"ty":"fl","c":{"a":0,"k":[0.050980392843,0.278431385756,0.631372570992,1],"ix":4},"o":{"a":0,"k":100,"ix":5},"r":1,"hd":false},{"ty":"tr","p":{"a":0,"k":[0,0],"ix":2},"a":{"a":0,"k":[0,0],"ix":1},"s":{"a":0,"k":[100,100],"ix":3},"r":{"a":0,"k":0,"ix":6},"o":{"a":0,"k":100,"ix":7},"sk":{"a":0,"k":0,"ix":4},"sa":{"a":0,"k":0,"ix":5}}],"np":3,"cix":2,"ix":1,"hd":false}],"ip":0,"op":301,"st":0,"bm":0},{"ddd":0,"ind":7,"ty":4,"sr":1,"ks":{"o":{"a":0,"k":100,"ix":11},"r":{"a":0,"k":0,"ix":10},"p":{"a":0,"k":[450,450,0],"ix":2},"a":{"a":0,"k":[0,0,0],"ix":1},"s":{"a":0,"k":[100,100,100],"ix":6}},"ao":0,"shapes":[{"ty":"gr","it":[{"ind":0,"ty":"sh","ix":1,"ks":{"a":0,"k":{"i":[[0,-14.216],[14.216,0],[0,14.216],[-14.216,0]],"o":[[0,14.216],[-14.216,0],[0,-14.216],[14.216,0]],"v":[[157.359,0],[131.619,25.741],[105.878,0],[131.619,-25.741]],"c":true},"ix":2},"hd":false},{"ind":1,"ty":"sh","ix":2,"ks":{"a":0,"k":{"i":[[0,-14.216],[14.216,0],[0,14.216],[-14.216,0]],"o":[[0,14.216],[-14.216,0],[0,-14.216],[14.216,0]],"v":[[244.491,-0.213],[218.75,25.528],[193.009,-0.213],[218.75,-25.954]],"c":true},"ix":2},"hd":false},{"ty":"fl","c":{"a":0,"k":[1,1,1,1],"ix":4},"o":{"a":0,"k":100,"ix":5},"r":1,"hd":false},{"ty":"tr","p":{"a":0,"k":[0,0],"ix":2},"a":{"a":0,"k":[0,0],"ix":1},"s":{"a":0,"k":[100,100],"ix":3},"r":{"a":0,"k":0,"ix":6},"o":{"a":0,"k":100,"ix":7},"sk":{"a":0,"k":0,"ix":4},"sa":{"a":0,"k":0,"ix":5}}],"np":3,"cix":2,"ix":1,"hd":false}],"ip":0,"op":301,"st":0,"bm":0},{"ddd":0,"ind":8,"ty":4,"sr":1,"ks":{"o":{"a":0,"k":100,"ix":11},"r":{"a":0,"k":0,"ix":10},"p":{"a":0,"k":[450,450,0],"ix":2},"a":{"a":0,"k":[0,0,0],"ix":1},"s":{"a":0,"k":[100,100,100],"ix":6}},"ao":0,"shapes":[{"ty":"gr","it":[{"ind":0,"ty":"sh","ix":1,"ks":{"a":0,"k":{"i":[[0,0],[0,0],[0,0],[0,0],[0,0],[0,0],[0,0],[0,0],[0,0],[0,0],[0,0],[0,0],[0,0],[0,0],[0,0],[0,0],[0,0],[0,0],[0,0],[0,0],[0,0],[0,0],[0,0],[0,0],[0,0],[0,0],[0,0],[0,0],[0,0],[0,0],[0,0],[0,0],[0,0],[0,0],[0,0],[0,0],[0,0],[0,0],[0,0],[0,0],[0,0],[0,0],[0,0],[0,0],[0,0],[0,0],[0,0],[0,0],[0,0],[0,0],[0,0],[0,0],[0,0],[0,0],[0,0],[0,0],[0,0],[0,0],[0,0],[0,0],[0,0],[0,0],[0,0],[0,0],[0,0],[0,0],[0,0],[0,0],[0,0],[0,0],[0,0],[0,0],[0,0]],"o":[[0,0],[0,0],[0,0],[0,0],[0,0],[0,0],[0,0],[0,0],[0,0],[0,0],[0,0],[0,0],[0,0],[0,0],[0,0],[0,0],[0,0],[0,0],[0,0],[0,0],[0,0],[0,0],[0,0],[0,0],[0,0],[0,0],[0,0],[0,0],[0,0],[0,0],[0,0],[0,0],[0,0],[0,0],[0,0],[0,0],[0,0],[0,0],[0,0],[0,0],[0,0],[0,0],[0,0],[0,0],[0,0],[0,0],[0,0],[0,0],[0,0],[0,0],[0,0],[0,0],[0,0],[0,0],[0,0],[0,0],[0,0],[0,0],[0,0],[0,0],[0,0],[0,0],[0,0],[0,0],[0,0],[0,0],[0,0],[0,0],[0,0],[0,0],[0,0],[0,0],[0,0]],"v":[[175.25,-131],[175.25,-131.5],[218.75,-175],[175,-218.75],[131.5,-175.25],[131,-175.25],[87.5,-218.75],[44,-175.25],[43.5,-175.25],[0,-218.75],[-43.5,-175.25],[-44,-175.25],[-87.5,-218.75],[-131,-175.25],[-131.5,-175.25],[-175,-218.75],[-218.75,-175],[-175.25,-131.5],[-175.25,-131],[-218.75,-87.5],[-175.25,-44],[-175.25,-43.5],[-218.75,0],[-175.25,43.5],[-175.25,44],[-218.75,87.5],[-175.25,131],[-175.25,131.5],[-218.75,175],[-175,218.75],[-131.5,175.25],[-131,175.25],[-87.5,218.75],[-44,175.25],[-43.5,175.25],[0,218.75],[43.75,175],[0,131.25],[-43.5,174.75],[-44,174.75],[-87.5,131.25],[-131,174.75],[-131.5,174.75],[-174.75,131.5],[-174.75,131],[-131.25,87.5],[-174.75,44],[-174.75,43.5],[-131.25,0],[-174.75,-43.5],[-174.75,-44],[-131.25,-87.5],[-174.75,-131],[-174.75,-131.5],[-131.5,-174.75],[-131,-174.75],[-87.5,-131.25],[-44,-174.75],[-43.5,-174.75],[0,-131.25],[43.5,-174.75],[44,-174.75],[87.5,-131.25],[131,-174.75],[131.5,-174.75],[174.75,-131.5],[174.75,-131],[131.25,-87.5],[174.75,-44],[174.75,-43.75],[175.25,-43.75],[175.25,-44],[218.75,-87.5]],"c":true},"ix":2},"hd":false},{"ty":"fl","c":{"a":0,"k":[0.098039217293,0.46274510026,0.823529422283,1],"ix":4},"o":{"a":0,"k":100,"ix":5},"r":1,"hd":false},{"ty":"tr","p":{"a":0,"k":[0,0],"ix":2},"a":{"a":0,"k":[0,0],"ix":1},"s":{"a":0,"k":[100,100],"ix":3},"r":{"a":0,"k":0,"ix":6},"o":{"a":0,"k":100,"ix":7},"sk":{"a":0,"k":0,"ix":4},"sa":{"a":0,"k":0,"ix":5}}],"np":2,"cix":2,"ix":1,"hd":false}],"ip":0,"op":301,"st":0,"bm":0},{"ddd":0,"ind":9,"ty":4,"sr":1,"ks":{"o":{"a":0,"k":100,"ix":11},"r":{"a":0,"k":0,"ix":10},"p":{"a":0,"k":[450,450,0],"ix":2},"a":{"a":0,"k":[0,0,0],"ix":1},"s":{"a":0,"k":[100,100,100],"ix":6}},"ao":0,"shapes":[{"ty":"gr","it":[{"ind":0,"ty":"sh","ix":1,"ks":{"a":0,"k":{"i":[[48.325,0],[0,0],[0,-48.325],[0,0],[-48.325,0],[0,0],[0,48.325],[48.325,0],[0,0],[0,0],[0,0],[0,0],[-48.325,0],[0,48.325],[0,0]],"o":[[0,0],[-48.325,0],[0,0],[0,48.325],[0,0],[48.325,0],[0,-48.325],[0,0],[0,0],[0,0],[0,0],[0,48.325],[48.325,0],[0,0],[0,-48.325]],"v":[[175,-262.5],[-175,-262.5],[-262.5,-175],[-262.5,175],[-175,262.5],[0,262.5],[87.5,175],[0,87.5],[-87.5,87.5],[-87.5,-87.5],[87.5,-87.5],[87.5,0],[175,87.5],[262.5,0],[262.5,-175]],"c":true},"ix":2},"hd":false},{"ty":"fl","c":{"a":0,"k":[0.117647059262,0.533333361149,0.898039221764,1],"ix":4},"o":{"a":0,"k":100,"ix":5},"r":1,"hd":false},{"ty":"tr","p":{"a":0,"k":[0,0],"ix":2},"a":{"a":0,"k":[0,0],"ix":1},"s":{"a":0,"k":[100,100],"ix":3},"r":{"a":0,"k":0,"ix":6},"o":{"a":0,"k":100,"ix":7},"sk":{"a":0,"k":0,"ix":4},"sa":{"a":0,"k":0,"ix":5}}],"np":2,"cix":2,"ix":1,"hd":false}],"ip":0,"op":301,"st":0,"bm":0},{"ddd":0,"ind":10,"ty":4,"sr":1,"ks":{"o":{"a":0,"k":100,"ix":11},"r":{"a":0,"k":0,"ix":10},"p":{"a":1,"k":[{"i":{"x":0.667,"y":1},"o":{"x":0.333,"y":0},"n":"0p667_1_0p333_0","t":163,"s":[624.912,460,0],"e":[624.912,530,0],"to":[0,0,0],"ti":[0,0,0]},{"i":{"x":0.667,"y":0.667},"o":{"x":0.333,"y":0.333},"n":"0p667_0p667_0p333_0p333","t":173,"s":[624.912,530,0],"e":[624.912,530,0],"to":[0,0,0],"ti":[0,0,0]},{"i":{"x":0.667,"y":1},"o":{"x":0.333,"y":0},"n":"0p667_1_0p333_0","t":189,"s":[624.912,530,0],"e":[624.912,460,0],"to":[0,0,0],"ti":[0,0,0]},{"t":197}],"ix":2},"a":{"a":0,"k":[234.412,83.47,0],"ix":1},"s":{"a":0,"k":[100,100,100],"ix":6}},"ao":0,"shapes":[{"ty":"gr","it":[{"ind":0,"ty":"sh","ix":1,"ks":{"a":1,"k":[{"i":{"x":0.667,"y":1},"o":{"x":0.333,"y":0},"n":"0p667_1_0p333_0","t":173,"s":[{"i":[[0,0],[0,0],[0,0],[0,0],[0,0]],"o":[[0,0],[0,0],[0,0],[0,0],[0,0]],"v":[[253.157,147.208],[240.319,19.732],[228.506,19.732],[215.667,147.208],[234.413,128.463]],"c":true}],"e":[{"i":[[0,0],[0,0],[0,0],[0,0],[0,0]],"o":[[0,0],[0,0],[0,0],[0,0],[0,0]],"v":[[253.065,121.021],[240.319,19.732],[228.506,19.732],[215.575,121.021],[234.413,124.088]],"c":true}]},{"i":{"x":0.667,"y":1},"o":{"x":0.333,"y":0},"n":"0p667_1_0p333_0","t":177,"s":[{"i":[[0,0],[0,0],[0,0],[0,0],[0,0]],"o":[[0,0],[0,0],[0,0],[0,0],[0,0]],"v":[[253.065,121.021],[240.319,19.732],[228.506,19.732],[215.575,121.021],[234.413,124.088]],"c":true}],"e":[{"i":[[0,0],[0,0],[0,0],[0,0],[0,0]],"o":[[0,0],[0,0],[0,0],[0,0],[0,0]],"v":[[253.157,147.208],[240.319,19.732],[228.506,19.732],[215.667,147.208],[234.413,128.463]],"c":true}]},{"i":{"x":0.667,"y":1},"o":{"x":0.333,"y":0},"n":"0p667_1_0p333_0","t":181,"s":[{"i":[[0,0],[0,0],[0,0],[0,0],[0,0]],"o":[[0,0],[0,0],[0,0],[0,0],[0,0]],"v":[[253.157,147.208],[240.319,19.732],[228.506,19.732],[215.667,147.208],[234.413,128.463]],"c":true}],"e":[{"i":[[0,0],[0,0],[0,0],[0,0],[0,0]],"o":[[0,0],[0,0],[0,0],[0,0],[0,0]],"v":[[253.065,121.021],[240.319,19.732],[228.506,19.732],[215.575,121.021],[234.413,124.088]],"c":true}]},{"i":{"x":0.667,"y":1},"o":{"x":0.333,"y":0},"n":"0p667_1_0p333_0","t":185,"s":[{"i":[[0,0],[0,0],[0,0],[0,0],[0,0]],"o":[[0,0],[0,0],[0,0],[0,0],[0,0]],"v":[[253.065,121.021],[240.319,19.732],[228.506,19.732],[215.575,121.021],[234.413,124.088]],"c":true}],"e":[{"i":[[0,0],[0,0],[0,0],[0,0],[0,0]],"o":[[0,0],[0,0],[0,0],[0,0],[0,0]],"v":[[253.157,147.208],[240.319,19.732],[228.506,19.732],[215.667,147.208],[234.413,128.463]],"c":true}]},{"t":189}],"ix":2},"hd":false},{"ty":"fl","c":{"a":0,"k":[0.956862747669,0.262745112181,0.211764708161,1],"ix":4},"o":{"a":0,"k":100,"ix":5},"r":1,"hd":false},{"ty":"tr","p":{"a":0,"k":[0,0],"ix":2},"a":{"a":0,"k":[0,0],"ix":1},"s":{"a":0,"k":[100,100],"ix":3},"r":{"a":0,"k":0,"ix":6},"o":{"a":0,"k":100,"ix":7},"sk":{"a":0,"k":0,"ix":4},"sa":{"a":0,"k":0,"ix":5}}],"np":2,"cix":2,"ix":1,"hd":false}],"ip":0,"op":301,"st":0,"bm":0}]}